[
    {
        "model": "contenttypes.contenttype",
        "pk": 1,
        "fields": {
            "app_label": "admin",
            "model": "logentry"
        }
    },
    {
        "model": "contenttypes.contenttype",
        "pk": 2,
        "fields": {
            "app_label": "auth",
            "model": "permission"
        }
    },
    {
        "model": "contenttypes.contenttype",
        "pk": 3,
        "fields": {
            "app_label": "auth",
            "model": "group"
        }
    },
    {
        "model": "contenttypes.contenttype",
        "pk": 4,
        "fields": {
            "app_label": "auth",
            "model": "user"
        }
    },
    {
        "model": "contenttypes.contenttype",
        "pk": 5,
        "fields": {
            "app_label": "contenttypes",
            "model": "contenttype"
        }
    },
    {
        "model": "contenttypes.contenttype",
        "pk": 6,
        "fields": {
            "app_label": "sessions",
            "model": "session"
        }
    },
    {
        "model": "contenttypes.contenttype",
        "pk": 7,
        "fields": {
            "app_label": "authtoken",
            "model": "token"
        }
    },
    {
        "model": "contenttypes.contenttype",
        "pk": 8,
        "fields": {
            "app_label": "bangazonAPI",
            "model": "customer"
        }
    },
    {
        "model": "contenttypes.contenttype",
        "pk": 9,
        "fields": {
            "app_label": "bangazonAPI",
            "model": "order"
        }
    },
    {
        "model": "contenttypes.contenttype",
        "pk": 10,
        "fields": {
            "app_label": "bangazonAPI",
            "model": "producttype"
        }
    },
    {
        "model": "contenttypes.contenttype",
        "pk": 11,
        "fields": {
            "app_label": "bangazonAPI",
            "model": "product"
        }
    },
    {
        "model": "contenttypes.contenttype",
        "pk": 12,
        "fields": {
            "app_label": "bangazonAPI",
            "model": "paymenttype"
        }
    },
    {
        "model": "contenttypes.contenttype",
        "pk": 13,
        "fields": {
            "app_label": "bangazonAPI",
            "model": "orderproduct"
        }
    },
    {
        "model": "bangazonAPI.producttype",
        "pk": 1,
        "fields": {
            "name": "Furniture"
        }
    },
    {
        "model": "bangazonAPI.producttype",
        "pk": 2,
        "fields": {
            "name": "Electronics"
        }
    },
    {
        "model": "bangazonAPI.producttype",
        "pk": 3,
        "fields": {
            "name": "Novelty"
        }
    },
    {
        "model": "bangazonAPI.producttype",
        "pk": 4,
        "fields": {
            "name": "Athletic"
        }
    },
    {
        "model": "bangazonAPI.producttype",
        "pk": 5,
        "fields": {
            "name": "Books"
        }
    },
    {
        "model": "bangazonAPI.producttype",
        "pk": 6,
        "fields": {
            "name": "Movies"
        }
    },
    {
        "model": "bangazonAPI.producttype",
        "pk": 7,
        "fields": {
            "name": "Music"
        }
    },
    {
        "model": "bangazonAPI.producttype",
        "pk": 8,
        "fields": {
            "name": "Made Up"
        }
    },
    {
        "model": "bangazonAPI.producttype",
        "pk": 9,
        "fields": {
            "name": "Rhyming"
        }
    },
    {
        "model": "bangazonAPI.producttype",
        "pk": 10,
        "fields": {
            "name": "Creepy"
        }
    },
    {
        "model": "bangazonAPI.producttype",
        "pk": 11,
        "fields": {
            "name": "Non-returnable"
        }
    },
    {
        "model": "bangazonAPI.product",
        "pk": 2,
        "fields": {
            "deleted": null,
            "name": "Chaise Lounge",
            "customer": 6,
            "price": 2.22,
            "description": "Amazing furniture",
            "quantity": 2,
            "location": "Nashville",
            "image_path": "c:/1.png",
            "created_at": "2019-09-02T14:06:30.047Z",
            "product_type": 1
        }
    },
    {
        "model": "bangazonAPI.product",
        "pk": 3,
        "fields": {
            "deleted": null,
            "name": "Buffet Table",
            "customer": 7,
            "price": 209.22,
            "description": "Amazing furniture",
            "quantity": 3,
            "location": "Nashville",
            "image_path": "c:/1.png",
            "created_at": "2019-09-03T14:06:30.047Z",
            "product_type": 1
        }
    },
    {
        "model": "bangazonAPI.product",
        "pk": 4,
        "fields": {
            "deleted": null,
            "name": "Ottoman",
            "customer": 3,
            "price": 200.22,
            "description": "Amazing furniture",
            "quantity": 4,
            "location": "Nashville",
            "image_path": "c:/1.png",
            "created_at": "2019-09-04T14:06:30.047Z",
            "product_type": 1
        }
    },
    {
        "model": "bangazonAPI.product",
        "pk": 5,
        "fields": {
            "deleted": null,
            "name": "Bean Bag Chair",
            "customer": 4,
            "price": 270.22,
            "description": "Amazing furniture",
            "quantity": 5,
            "location": "Nashville",
            "image_path": "c:/1.png",
            "created_at": "2019-09-05T14:06:30.047Z",
            "product_type": 1
        }
    },
    {
        "model": "bangazonAPI.product",
        "pk": 6,
        "fields": {
            "deleted": null,
            "name": "Coffee Table",
            "customer": 6,
            "price": 204.22,
            "description": "Amazing furniture",
            "quantity": 6,
            "location": "Smyrna",
            "image_path": "c:/1.png",
            "created_at": "2019-09-06T14:06:30.047Z",
            "product_type": 1
        }
    },
    {
        "model": "bangazonAPI.product",
        "pk": 7,
        "fields": {
            "deleted": null,
            "name": "Standing Desk",
            "customer": 2,
            "price": 260.22,
            "description": "Amazing furniture",
            "quantity": 7,
            "location": "Nashville",
            "image_path": "c:/1.png",
            "created_at": "2019-09-07T14:06:30.047Z",
            "product_type": 1
        }
    },
    {
        "model": "bangazonAPI.product",
        "pk": 8,
        "fields": {
            "deleted": null,
            "name": "Sleeper Sofa",
            "customer": 6,
            "price": 206.22,
            "description": "Amazing furniture",
            "quantity": 8,
            "location": "Nashville",
            "image_path": "c:/1.png",
            "created_at": "2019-09-08T14:06:30.047Z",
            "product_type": 1
        }
    },
    {
        "model": "bangazonAPI.product",
        "pk": 9,
        "fields": {
            "deleted": null,
            "name": "Murphy Bed",
            "customer": 7,
            "price": 208.22,
            "description": "Amazing furniture",
            "quantity": 9,
            "location": "Nashville",
            "image_path": "c:/1.png",
            "created_at": "2019-09-09T14:06:30.047Z",
            "product_type": 1
        }
    },
    {
        "model": "bangazonAPI.product",
        "pk": 10,
        "fields": {
            "deleted": null,
            "name": "Dresser",
            "customer": 3,
            "price": 620.22,
            "description": "Amazing furniture",
            "quantity": 0,
            "location": "Nashville",
            "image_path": "c:/1.png",
            "created_at": "2019-09-10T14:06:30.047Z",
            "product_type": 1
        }
    },
    {
        "model": "bangazonAPI.product",
        "pk": 11,
        "fields": {
            "deleted": null,
            "name": "Apple Watch",
            "customer": 3,
            "price": 220.22,
            "description": "Sweet Electronics",
            "quantity": 10,
            "location": "Nashville",
            "image_path": "c:/1.png",
            "created_at": "2019-09-11T14:06:30.047Z",
            "product_type": 2
        }
    },
    {
        "model": "bangazonAPI.product",
        "pk": 12,
        "fields": {
            "deleted": null,
            "name": "Dell Inspiron XPS13",
            "customer": 2,
            "price": 720.22,
            "description": "Sweet Electronics",
            "quantity": 11,
            "location": "Nashville",
            "image_path": "c:/1.png",
            "created_at": "2019-09-12T14:06:30.047Z",
            "product_type": 2
        }
    },
    {
        "model": "bangazonAPI.product",
        "pk": 13,
        "fields": {
            "deleted": null,
            "name": "Logitech Wireless Mouse",
            "customer": 4,
            "price": 8920.22,
            "description": "Sweet Electronics",
            "quantity": 12,
            "location": "Nashville",
            "image_path": "c:/1.png",
            "created_at": "2019-09-13T14:06:30.047Z",
            "product_type": 2
        }
    },
    {
        "model": "bangazonAPI.product",
        "pk": 14,
        "fields": {
            "deleted": null,
            "name": "Big Screen TV",
            "customer": 2,
            "price": 720.22,
            "description": "Sweet Electronics",
            "quantity": 13,
            "location": "Nashville",
            "image_path": "c:/1.png",
            "created_at": "2019-09-14T14:06:30.047Z",
            "product_type": 2
        }
    },
    {
        "model": "bangazonAPI.product",
        "pk": 15,
        "fields": {
            "deleted": null,
            "name": "Amazon Echo",
            "customer": 2,
            "price": 5073.22,
            "description": "Sweet Electronics",
            "quantity": 14,
            "location": "Nashville",
            "image_path": "c:/1.png",
            "created_at": "2019-09-15T14:06:30.047Z",
            "product_type": 2
        }
    },
    {
        "model": "bangazonAPI.product",
        "pk": 16,
        "fields": {
            "deleted": null,
            "name": "Google Home",
            "customer": 2,
            "price": 2990.22,
            "description": "Sweet Electronics",
            "quantity": 15,
            "location": "Nashville",
            "image_path": "c:/1.png",
            "created_at": "2019-09-16T14:06:30.047Z",
            "product_type": 2
        }
    },
    {
        "model": "bangazonAPI.product",
        "pk": 17,
        "fields": {
            "deleted": null,
            "name": "Record Player",
            "customer": 2,
            "price": 2220.22,
            "description": "Sweet Electronics",
            "quantity": 16,
            "location": "Nashville",
            "image_path": "c:/1.png",
            "created_at": "2019-09-17T14:06:30.047Z",
            "product_type": 2
        }
    },
    {
        "model": "bangazonAPI.product",
        "pk": 18,
        "fields": {
            "deleted": null,
            "name": "DJ Roomba",
            "customer": 3,
            "price": 2780.22,
            "description": "Sweet Electronics",
            "quantity": 17,
            "location": "Nashville",
            "image_path": "c:/1.png",
            "created_at": "2019-09-18T14:06:30.047Z",
            "product_type": 2
        }
    },
    {
        "model": "bangazonAPI.product",
        "pk": 19,
        "fields": {
            "deleted": null,
            "name": "Gaming Computer",
            "customer": 3,
            "price": 520.22,
            "description": "Sweet Electronics",
            "quantity": 18,
            "location": "Nashville",
            "image_path": "c:/1.png",
            "created_at": "2019-09-19T14:06:30.047Z",
            "product_type": 2
        }
    },
    {
        "model": "bangazonAPI.product",
        "pk": 20,
        "fields": {
            "deleted": null,
            "name": "Apple iPad Pro",
            "customer": 4,
            "price": 120.22,
            "description": "Sweet Electronics",
            "quantity": 19,
            "location": "Nashville",
            "image_path": "c:/1.png",
            "created_at": "2019-09-20T14:06:30.047Z",
            "product_type": 2
        }
    },
    {
        "model": "bangazonAPI.product",
        "pk": 21,
        "fields": {
            "deleted": null,
            "name": "Smart Mirror",
            "customer": 6,
            "price": 240.22,
            "description": "Sweet Electronics",
            "quantity": 20,
            "location": "Nashville",
            "image_path": "c:/1.png",
            "created_at": "2019-09-21T14:06:30.047Z",
            "product_type": 2
        }
    },
    {
        "model": "bangazonAPI.product",
        "pk": 22,
        "fields": {
            "deleted": null,
            "name": "Electronic Puppy",
            "customer": 4,
            "price": 202.22,
            "description": "Sweet Electronics",
            "quantity": 21,
            "location": "Nashville",
            "image_path": "c:/1.png",
            "created_at": "2019-09-22T14:06:30.047Z",
            "product_type": 2
        }
    },
    {
        "model": "bangazonAPI.product",
        "pk": 36,
        "fields": {
            "deleted": null,
            "name": "Apple Watch",
            "customer": 7,
            "price": 340.0,
            "description": "Watch thing",
            "quantity": 12,
            "location": "Nashville",
            "image_path": "C:/whatever",
            "created_at": "2020-03-05T20:31:53.524Z",
            "product_type": 2
        }
    },
    {
        "model": "bangazonAPI.product",
        "pk": 37,
        "fields": {
            "deleted": null,
            "name": "The Big Lebowski",
            "customer": 6,
            "price": 9999.99,
            "description": "That rug really tied the room together",
            "quantity": 300,
            "location": "Los Angeles",
            "image_path": "C:/markitzero.png",
            "created_at": "2020-03-05T21:43:09.576Z",
            "product_type": 6
        }
    },
    {
        "model": "bangazonAPI.product",
        "pk": 38,
        "fields": {
            "deleted": null,
            "name": "To Kill a Mockingbird",
            "customer": 6,
            "price": 20.55,
            "description": "Thought this was a how-to manual",
            "quantity": 3,
            "location": "Manchester",
            "image_path": "C:/shutup.gif",
            "created_at": "2020-03-05T21:43:59.040Z",
            "product_type": 5
        }
    },
    {
        "model": "bangazonAPI.product",
        "pk": 39,
        "fields": {
            "deleted": null,
            "name": "Proton Pack",
            "customer": 7,
            "price": 300.0,
            "description": "For ghosts and stuff",
            "quantity": 200,
            "location": "New York City",
            "image_path": "c:/ooze.jpg",
            "created_at": "2020-03-05T21:46:29.351Z",
            "product_type": 8
        }
    },
    {
        "model": "bangazonAPI.paymenttype",
        "pk": 1,
        "fields": {
            "deleted": null,
            "merchant_name": "VISA",
            "acct_no": "1234567899993636",
            "expiration_date": "2020-04-01T00:00:00Z",
            "customer": 2,
            "created_at": "2019-09-23T14:06:30.047Z"
        }
    },
    {
        "model": "bangazonAPI.paymenttype",
        "pk": 2,
        "fields": {
            "deleted": null,
            "merchant_name": "MasterCard",
            "acct_no": "2198500000001337",
            "expiration_date": "2020-05-01T00:00:00Z",
            "customer": 2,
            "created_at": "2019-09-23T14:06:30.047Z"
        }
    },
    {
        "model": "bangazonAPI.paymenttype",
        "pk": 3,
        "fields": {
            "deleted": null,
            "merchant_name": "VISA",
            "acct_no": "1234567800003636",
            "expiration_date": "2020-06-01T00:00:00Z",
            "customer": 3,
            "created_at": "2019-09-23T14:06:30.047Z"
        }
    },
    {
        "model": "bangazonAPI.paymenttype",
        "pk": 4,
        "fields": {
            "deleted": null,
            "merchant_name": "MasterCard",
            "acct_no": "219850010001337",
            "expiration_date": "2020-07-01T00:00:00Z",
            "customer": 3,
            "created_at": "2019-09-23T14:06:30.047Z"
        }
    },
    {
        "model": "bangazonAPI.paymenttype",
        "pk": 5,
        "fields": {
            "deleted": null,
            "merchant_name": "MasterCard",
            "acct_no": "2198500200001337",
            "expiration_date": "2020-08-01T00:00:00Z",
            "customer": 4,
            "created_at": "2019-09-23T14:06:30.047Z"
        }
    },
    {
        "model": "bangazonAPI.paymenttype",
        "pk": 6,
        "fields": {
            "deleted": null,
            "merchant_name": "MasterCard",
            "acct_no": "2198500300001337",
            "expiration_date": "2020-09-01T00:00:00Z",
            "customer": 6,
            "created_at": "2019-09-23T14:06:30.047Z"
        }
    },
    {
        "model": "bangazonAPI.paymenttype",
        "pk": 7,
        "fields": {
            "deleted": null,
            "merchant_name": "MasterCard",
            "acct_no": "2198500400001337",
            "expiration_date": "2020-09-01T00:00:00Z",
            "customer": 7,
            "created_at": "2019-09-23T14:06:30.047Z"
        }
    },
    {
        "model": "bangazonAPI.paymenttype",
        "pk": 8,
        "fields": {
            "deleted": null,
            "merchant_name": "VISA",
            "acct_no": "1234567800013636",
            "expiration_date": "2020-08-01T00:00:00Z",
            "customer": 4,
            "created_at": "2019-09-23T14:06:30.047Z"
        }
    },
    {
        "model": "bangazonAPI.paymenttype",
        "pk": 9,
        "fields": {
            "deleted": null,
            "merchant_name": "VISA",
            "acct_no": "1234567800023636",
            "expiration_date": "2020-07-01T00:00:00Z",
            "customer": 6,
            "created_at": "2019-09-23T14:06:30.047Z"
        }
    },
    {
        "model": "bangazonAPI.paymenttype",
        "pk": 10,
        "fields": {
            "deleted": null,
            "merchant_name": "VISA",
            "acct_no": "1234567800033636",
            "expiration_date": "2020-06-01T00:00:00Z",
            "customer": 7,
            "created_at": "2019-09-23T14:06:30.047Z"
        }
    },
    {
        "model": "bangazonAPI.order",
        "pk": 1,
        "fields": {
            "customer": 2,
            "payment_type": 1,
            "created_at": "2019-09-23T14:06:30.047Z"
        }
    },
    {
        "model": "bangazonAPI.order",
        "pk": 2,
        "fields": {
            "customer": 2,
            "payment_type": 2,
            "created_at": "2019-02-22T14:06:30.047Z"
        }
    },
    {
        "model": "bangazonAPI.order",
        "pk": 3,
        "fields": {
            "customer": 2,
            "payment_type": null,
            "created_at": "2020-03-04T23:11:31.534Z"
        }
    },
    {
        "model": "bangazonAPI.order",
        "pk": 4,
        "fields": {
            "customer": 6,
            "payment_type": null,
            "created_at": "2020-01-04T13:11:31.534Z"
        }
    },
    {
        "model": "bangazonAPI.order",
        "pk": 5,
        "fields": {
            "customer": 7,
            "payment_type": null,
            "created_at": "2020-02-05T15:12:31.534Z"
        }
    },
    {
        "model": "bangazonAPI.order",
        "pk": 6,
        "fields": {
            "customer": 3,
            "payment_type": null,
            "created_at": "2020-03-04T23:11:31.534Z"
        }
    },
    {
        "model": "bangazonAPI.order",
        "pk": 7,
        "fields": {
            "customer": 4,
            "payment_type": null,
            "created_at": "2020-03-04T23:11:31.534Z"
        }
    },
    {
        "model": "bangazonAPI.orderproduct",
        "pk": 1,
        "fields": {
            "order": 1,
            "product": 2
        }
    },
    {
        "model": "bangazonAPI.orderproduct",
        "pk": 2,
        "fields": {
            "order": 1,
            "product": 2
        }
    },
    {
        "model": "bangazonAPI.orderproduct",
        "pk": 3,
        "fields": {
            "order": 1,
            "product": 3
        }
    },
    {
        "model": "bangazonAPI.orderproduct",
        "pk": 4,
        "fields": {
            "order": 1,
            "product": 4
        }
    },
    {
        "model": "bangazonAPI.orderproduct",
        "pk": 5,
        "fields": {
            "order": 2,
            "product": 5
        }
    },
    {
        "model": "bangazonAPI.orderproduct",
        "pk": 6,
        "fields": {
            "order": 2,
            "product": 6
        }
    },
    {
        "model": "bangazonAPI.orderproduct",
        "pk": 7,
        "fields": {
            "order": 2,
            "product": 7
        }
    },
    {
        "model": "bangazonAPI.orderproduct",
        "pk": 8,
        "fields": {
            "order": 2,
            "product": 8
        }
    },
    {
        "model": "bangazonAPI.orderproduct",
        "pk": 9,
        "fields": {
            "order": 3,
            "product": 20
        }
    },
    {
        "model": "bangazonAPI.orderproduct",
        "pk": 10,
        "fields": {
            "order": 3,
            "product": 17
        }
    },
    {
        "model": "bangazonAPI.orderproduct",
        "pk": 11,
        "fields": {
            "order": 3,
            "product": 20
        }
    },
    {
        "model": "auth.permission",
        "pk": 1,
        "fields": {
            "name": "Can add log entry",
            "content_type": 1,
            "codename": "add_logentry"
        }
    },
    {
        "model": "auth.permission",
        "pk": 2,
        "fields": {
            "name": "Can change log entry",
            "content_type": 1,
            "codename": "change_logentry"
        }
    },
    {
        "model": "auth.permission",
        "pk": 3,
        "fields": {
            "name": "Can delete log entry",
            "content_type": 1,
            "codename": "delete_logentry"
        }
    },
    {
        "model": "auth.permission",
        "pk": 4,
        "fields": {
            "name": "Can view log entry",
            "content_type": 1,
            "codename": "view_logentry"
        }
    },
    {
        "model": "auth.permission",
        "pk": 5,
        "fields": {
            "name": "Can add permission",
            "content_type": 2,
            "codename": "add_permission"
        }
    },
    {
        "model": "auth.permission",
        "pk": 6,
        "fields": {
            "name": "Can change permission",
            "content_type": 2,
            "codename": "change_permission"
        }
    },
    {
        "model": "auth.permission",
        "pk": 7,
        "fields": {
            "name": "Can delete permission",
            "content_type": 2,
            "codename": "delete_permission"
        }
    },
    {
        "model": "auth.permission",
        "pk": 8,
        "fields": {
            "name": "Can view permission",
            "content_type": 2,
            "codename": "view_permission"
        }
    },
    {
        "model": "auth.permission",
        "pk": 9,
        "fields": {
            "name": "Can add group",
            "content_type": 3,
            "codename": "add_group"
        }
    },
    {
        "model": "auth.permission",
        "pk": 10,
        "fields": {
            "name": "Can change group",
            "content_type": 3,
            "codename": "change_group"
        }
    },
    {
        "model": "auth.permission",
        "pk": 11,
        "fields": {
            "name": "Can delete group",
            "content_type": 3,
            "codename": "delete_group"
        }
    },
    {
        "model": "auth.permission",
        "pk": 12,
        "fields": {
            "name": "Can view group",
            "content_type": 3,
            "codename": "view_group"
        }
    },
    {
        "model": "auth.permission",
        "pk": 13,
        "fields": {
            "name": "Can add user",
            "content_type": 4,
            "codename": "add_user"
        }
    },
    {
        "model": "auth.permission",
        "pk": 14,
        "fields": {
            "name": "Can change user",
            "content_type": 4,
            "codename": "change_user"
        }
    },
    {
        "model": "auth.permission",
        "pk": 15,
        "fields": {
            "name": "Can delete user",
            "content_type": 4,
            "codename": "delete_user"
        }
    },
    {
        "model": "auth.permission",
        "pk": 16,
        "fields": {
            "name": "Can view user",
            "content_type": 4,
            "codename": "view_user"
        }
    },
    {
        "model": "auth.permission",
        "pk": 17,
        "fields": {
            "name": "Can add content type",
            "content_type": 5,
            "codename": "add_contenttype"
        }
    },
    {
        "model": "auth.permission",
        "pk": 18,
        "fields": {
            "name": "Can change content type",
            "content_type": 5,
            "codename": "change_contenttype"
        }
    },
    {
        "model": "auth.permission",
        "pk": 19,
        "fields": {
            "name": "Can delete content type",
            "content_type": 5,
            "codename": "delete_contenttype"
        }
    },
    {
        "model": "auth.permission",
        "pk": 20,
        "fields": {
            "name": "Can view content type",
            "content_type": 5,
            "codename": "view_contenttype"
        }
    },
    {
        "model": "auth.permission",
        "pk": 21,
        "fields": {
            "name": "Can add session",
            "content_type": 6,
            "codename": "add_session"
        }
    },
    {
        "model": "auth.permission",
        "pk": 22,
        "fields": {
            "name": "Can change session",
            "content_type": 6,
            "codename": "change_session"
        }
    },
    {
        "model": "auth.permission",
        "pk": 23,
        "fields": {
            "name": "Can delete session",
            "content_type": 6,
            "codename": "delete_session"
        }
    },
    {
        "model": "auth.permission",
        "pk": 24,
        "fields": {
            "name": "Can view session",
            "content_type": 6,
            "codename": "view_session"
        }
    },
    {
        "model": "auth.permission",
        "pk": 25,
        "fields": {
            "name": "Can add Token",
            "content_type": 7,
            "codename": "add_token"
        }
    },
    {
        "model": "auth.permission",
        "pk": 26,
        "fields": {
            "name": "Can change Token",
            "content_type": 7,
            "codename": "change_token"
        }
    },
    {
        "model": "auth.permission",
        "pk": 27,
        "fields": {
            "name": "Can delete Token",
            "content_type": 7,
            "codename": "delete_token"
        }
    },
    {
        "model": "auth.permission",
        "pk": 28,
        "fields": {
            "name": "Can view Token",
            "content_type": 7,
            "codename": "view_token"
        }
    },
    {
        "model": "auth.permission",
        "pk": 29,
        "fields": {
            "name": "Can add customer",
            "content_type": 8,
            "codename": "add_customer"
        }
    },
    {
        "model": "auth.permission",
        "pk": 30,
        "fields": {
            "name": "Can change customer",
            "content_type": 8,
            "codename": "change_customer"
        }
    },
    {
        "model": "auth.permission",
        "pk": 31,
        "fields": {
            "name": "Can delete customer",
            "content_type": 8,
            "codename": "delete_customer"
        }
    },
    {
        "model": "auth.permission",
        "pk": 32,
        "fields": {
            "name": "Can view customer",
            "content_type": 8,
            "codename": "view_customer"
        }
    },
    {
        "model": "auth.permission",
        "pk": 33,
        "fields": {
            "name": "Can add order",
            "content_type": 9,
            "codename": "add_order"
        }
    },
    {
        "model": "auth.permission",
        "pk": 34,
        "fields": {
            "name": "Can change order",
            "content_type": 9,
            "codename": "change_order"
        }
    },
    {
        "model": "auth.permission",
        "pk": 35,
        "fields": {
            "name": "Can delete order",
            "content_type": 9,
            "codename": "delete_order"
        }
    },
    {
        "model": "auth.permission",
        "pk": 36,
        "fields": {
            "name": "Can view order",
            "content_type": 9,
            "codename": "view_order"
        }
    },
    {
        "model": "auth.permission",
        "pk": 37,
        "fields": {
            "name": "Can add product type",
            "content_type": 10,
            "codename": "add_producttype"
        }
    },
    {
        "model": "auth.permission",
        "pk": 38,
        "fields": {
            "name": "Can change product type",
            "content_type": 10,
            "codename": "change_producttype"
        }
    },
    {
        "model": "auth.permission",
        "pk": 39,
        "fields": {
            "name": "Can delete product type",
            "content_type": 10,
            "codename": "delete_producttype"
        }
    },
    {
        "model": "auth.permission",
        "pk": 40,
        "fields": {
            "name": "Can view product type",
            "content_type": 10,
            "codename": "view_producttype"
        }
    },
    {
        "model": "auth.permission",
        "pk": 41,
        "fields": {
            "name": "Can add product",
            "content_type": 11,
            "codename": "add_product"
        }
    },
    {
        "model": "auth.permission",
        "pk": 42,
        "fields": {
            "name": "Can change product",
            "content_type": 11,
            "codename": "change_product"
        }
    },
    {
        "model": "auth.permission",
        "pk": 43,
        "fields": {
            "name": "Can delete product",
            "content_type": 11,
            "codename": "delete_product"
        }
    },
    {
        "model": "auth.permission",
        "pk": 44,
        "fields": {
            "name": "Can view product",
            "content_type": 11,
            "codename": "view_product"
        }
    },
    {
        "model": "auth.permission",
        "pk": 45,
        "fields": {
            "name": "Can add payment type",
            "content_type": 12,
            "codename": "add_paymenttype"
        }
    },
    {
        "model": "auth.permission",
        "pk": 46,
        "fields": {
            "name": "Can change payment type",
            "content_type": 12,
            "codename": "change_paymenttype"
        }
    },
    {
        "model": "auth.permission",
        "pk": 47,
        "fields": {
            "name": "Can delete payment type",
            "content_type": 12,
            "codename": "delete_paymenttype"
        }
    },
    {
        "model": "auth.permission",
        "pk": 48,
        "fields": {
            "name": "Can view payment type",
            "content_type": 12,
            "codename": "view_paymenttype"
        }
    },
    {
        "model": "auth.permission",
        "pk": 49,
        "fields": {
            "name": "Can add order product",
            "content_type": 13,
            "codename": "add_orderproduct"
        }
    },
    {
        "model": "auth.permission",
        "pk": 50,
        "fields": {
            "name": "Can change order product",
            "content_type": 13,
            "codename": "change_orderproduct"
        }
    },
    {
        "model": "auth.permission",
        "pk": 51,
        "fields": {
            "name": "Can delete order product",
            "content_type": 13,
            "codename": "delete_orderproduct"
        }
    },
    {
        "model": "auth.permission",
        "pk": 52,
        "fields": {
            "name": "Can view order product",
            "content_type": 13,
            "codename": "view_orderproduct"
        }
    },
    {
        "model": "auth.user",
        "pk": 1,
        "fields": {
            "password": "pbkdf2_sha256$180000$RciAH4NweJ8C$rSl1ZJWNaJIqRLppESOXhJxPJMfHKkySn/jVf+TJH8Q=",
            "last_login": null,
            "is_superuser": false,
            "username": "cherkesky",
            "first_name": "Guy",
            "last_name": "Cherkesky",
            "email": "guy@nss.com",
            "is_staff": false,
            "is_active": true,
            "date_joined": "2020-02-26T15:32:26.324Z",
            "groups": [],
            "user_permissions": []
        }
    },
    {
        "model": "auth.user",
        "pk": 2,
        "fields": {
            "password": "pbkdf2_sha256$180000$6zxXmK8unbwE$+72G/xn6iFlf1twJsY1zSSxP/7nhOwbszsNMEGZGiIw=",
            "last_login": null,
            "is_superuser": false,
            "username": "hoffman",
            "first_name": "Sophia",
            "last_name": "Hoffman",
            "email": "sophia@nss.com",
            "is_staff": false,
            "is_active": true,
            "date_joined": "2020-02-26T15:33:25.772Z",
            "groups": [],
            "user_permissions": []
        }
    },
    {
        "model": "auth.user",
        "pk": 3,
        "fields": {
            "password": "pbkdf2_sha256$180000$cfp9vA3MFhsP$0Gezj4wtdGL86fo3bUsRscmcpPOEYFWC1XzXVA6S8ao=",
            "last_login": null,
            "is_superuser": false,
            "username": "stern",
            "first_name": "Melody",
            "last_name": "Stern",
            "email": "melody@nss.com",
            "is_staff": false,
            "is_active": true,
            "date_joined": "2020-02-26T15:35:08.781Z",
            "groups": [],
            "user_permissions": []
        }
    },
    {
        "model": "auth.user",
        "pk": 4,
        "fields": {
            "password": "pbkdf2_sha256$180000$n3Vuw0zE9Oa3$PhH7XqTO42Fd2V8ay1s8aYQxbY8pN5tyff39/ToBkUw=",
            "last_login": null,
            "is_superuser": false,
            "username": "bishop",
            "first_name": "Ryan",
            "last_name": "Bishop",
            "email": "ryan@nss.com",
            "is_staff": false,
            "is_active": true,
            "date_joined": "2020-02-26T15:35:36.086Z",
            "groups": [],
            "user_permissions": []
        }
    },
    {
        "model": "auth.user",
        "pk": 5,
        "fields": {
            "password": "pbkdf2_sha256$180000$7DQv2L0hhZvU$fbTIyV6hStNL7H8aAZtPT/G5YwcFd12nn6KFvNXJjv8=",
            "last_login": null,
            "is_superuser": false,
            "username": "oldenburg",
            "first_name": "Jesie",
            "last_name": "Oldenburg",
            "email": "jesie@nss.com",
            "is_staff": false,
            "is_active": true,
            "date_joined": "2020-02-26T15:36:16.567Z",
            "groups": [],
            "user_permissions": []
        }
    },
    {
        "model": "auth.user",
        "pk": 6,
        "fields": {
            "password": "pbkdf2_sha256$180000$cO7NeesL0k2G$zXyvMhyQwwKTTGhFYWQ9Dr7xmcjZGAawB+4drsw3Zaw=",
            "last_login": null,
            "is_superuser": false,
            "username": "bob",
            "first_name": "bob",
            "last_name": "bob",
            "email": "bob@bob.com",
            "is_staff": false,
            "is_active": true,
            "date_joined": "2020-03-05T21:36:27.773Z",
            "groups": [],
            "user_permissions": []
        }
    },
    {
        "model": "auth.user",
        "pk": 7,
        "fields": {
            "password": "pbkdf2_sha256$180000$2bzIemFhwmNC$hrSEar7rIytTcVmRjrkFWG7kSojxtvzu+JUtyy5njAQ=",
            "last_login": null,
            "is_superuser": false,
            "username": "testuser",
            "first_name": "test",
            "last_name": "user",
            "email": "test@user.com",
            "is_staff": false,
            "is_active": true,
            "date_joined": "2020-03-05T21:36:58.675Z",
            "groups": [],
            "user_permissions": []
        }
    },
    {
        "model": "authtoken.token",
        "pk": "106c4540c3d7bef26f7a4084c52e8e25d861e3fb",
        "fields": {
            "user": 1,
            "created": "2020-02-26T15:32:26.605Z"
        }
    },
    {
        "model": "authtoken.token",
        "pk": "34aef957925ca51a908ff2df9096cf8145ef6f74",
        "fields": {
            "user": 3,
            "created": "2020-02-26T15:35:09.011Z"
        }
    },
    {
        "model": "authtoken.token",
        "pk": "3c6567c9f9bb41a196940f5733a3bc6e431d309d",
        "fields": {
            "user": 5,
            "created": "2020-02-26T15:36:16.803Z"
        }
    },
    {
        "model": "authtoken.token",
        "pk": "4ac1f2d050e70b84e8cb9c2c1400ecee7a0d1362",
        "fields": {
            "user": 6,
            "created": "2020-03-05T21:36:28.085Z"
        }
    },
    {
        "model": "authtoken.token",
        "pk": "88f31d1e6c7c4b459331c46857e1dcf75c6d7e5e",
        "fields": {
            "user": 2,
            "created": "2020-02-26T15:33:26.034Z"
        }
    },
    {
        "model": "authtoken.token",
        "pk": "b3adb8d0e10a086f807ffd92acec7fce89783180",
        "fields": {
            "user": 7,
            "created": "2020-03-05T21:36:58.927Z"
        }
    },
    {
        "model": "authtoken.token",
        "pk": "c117003f825e8da8fbf38e65d46507224d29269c",
        "fields": {
            "user": 4,
            "created": "2020-02-26T15:35:36.363Z"
        }
    },
    {
        "model": "bangazonAPI.customer",
        "pk": 1,
        "fields": {
            "user": 1,
            "address": null,
            "city": null,
            "phone": null
        }
    },
    {
        "model": "bangazonAPI.customer",
        "pk": 2,
        "fields": {
            "user": 2,
            "address": null,
            "city": null,
            "phone": null
        }
    },
    {
        "model": "bangazonAPI.customer",
        "pk": 3,
        "fields": {
            "user": 3,
            "address": null,
            "city": null,
            "phone": null
        }
    },
    {
        "model": "bangazonAPI.customer",
        "pk": 4,
        "fields": {
            "user": 4,
            "address": "NSS",
            "city": "Nashville",
            "phone": "111-222-3333"
        }
    },
    {
        "model": "bangazonAPI.customer",
        "pk": 5,
        "fields": {
            "user": 5,
            "address": null,
            "city": null,
            "phone": null
        }
    },
    {
        "model": "bangazonAPI.customer",
        "pk": 6,
        "fields": {
            "user": 6,
            "address": null,
            "city": null,
            "phone": null
        }
    },
    {
        "model": "bangazonAPI.customer",
        "pk": 7,
        "fields": {
            "user": 7,
            "address": null,
            "city": null,
            "phone": null
        }
    }
]